RecId,StopDurationInSecs
   1,0.000
   2,5435.800
   3,4697.800
   4,0.000
   5,999.300
   6,0.000
   7,0.000
   8,3163.900
   9,7.400
  10,0.000
  11,0.000
  12,0.000
  13,0.000
  14,0.000
  15,0.000
  16,1011.700
  17,0.000
  18,0.000
  19,0.000
  20,0.000
  21,0.000
  22,0.000
  23,4031.900
  24,0.000
  25,59.900
  26,0.000
  27,0.000
  28,0.000
  29,0.000
  30,4.100
  31,0.000
  32,0.000
  33,0.000
  34,4.100
  35,0.000
  36,0.000
  37,0.000
  38,0.000
  39,0.000
  40,0.000
  41,0.000
  42,0.000
  43,0.000
  44,0.000
  45,15.300
  46,0.000
  47,0.000
  48,2430.300
  49,0.000
  50,4173.800
  51,0.000
  52,0.000
  53,0.000
  54,4867.300
  55,0.000
  56,0.000
  57,0.000
  58,0.000
  59,0.000
  60,0.000
  61,0.000
  62,4859.600
  63,79.000
  64,0.000
  65,0.000
  66,0.000
  67,0.000
  68,0.000
  69,0.000
  70,0.000
  71,0.000
  72,0.000
  73,0.000
  74,0.000
  75,0.000
  76,0.000
  77,0.000
  78,0.000
  79,0.000
  80,3370.800
  81,0.000
  82,0.000
  83,0.000
  84,0.000
  85,0.000
  86,0.000
  87,7.200
  88,0.000
  89,0.000
  90,159.700
  91,0.000
  92,3483.800
  93,0.000
  94,0.000
  95,0.000
  96,0.000
  97,0.000
  98,0.000
  99,0.000
 100,0.000
 101,0.000
 102,0.000
 103,0.000
 104,12.300
 105,0.000
 106,0.000
 107,0.000
 108,3746.300
 109,0.000
 110,0.000
 111,0.000
 112,0.000
 113,0.000
 114,0.000
 115,0.000
 116,0.000
 117,0.000
 118,64.300
 119,0.000
 120,0.000
 121,0.000
 122,0.000
 123,0.000
 124,0.000
 125,0.000
 126,0.000
 127,0.000
 128,76.200
 129,0.000
 130,0.000
 131,0.000
 132,0.000
 133,0.000
 134,0.000
 135,0.000
 136,0.000
 137,0.000
 138,1088.800
 139,0.000
 140,0.000
 141,0.000
 142,0.000
 143,0.000
 144,0.000
 145,953.900
 146,0.000
 147,0.000
 148,10.800
 149,0.000
 150,0.000
 151,0.000
 152,0.000
 153,0.000
 154,0.000
 155,0.000
 156,971.500
 157,0.000
 158,0.000
 159,0.000
 160,2.600
 161,0.000
 162,988.200
 163,0.000
 164,0.000
 165,1004.500
 166,19.600
 167,0.000
 168,0.000
 169,0.000
 170,0.000
 171,0.000
 172,0.000
 173,0.000
 174,53.400
 175,0.000
 176,0.000
 177,0.000
 178,0.000
 179,0.000
 180,0.000
 181,0.000
 182,0.000
 183,0.000
 184,0.000
 185,0.000
 186,0.000
 187,0.000
 188,0.000
 189,90.600
 190,0.000
 191,0.000
 192,9.400
 193,0.000
 194,1102.400
 195,3715.800
 196,0.000
 197,0.000
 198,95.400
 199,0.000
 200,10.800
 201,0.000
 202,0.000
 203,0.000
 204,0.000
 205,103.400
 206,0.000
 207,121.700
 208,1305.300
 209,0.000
 210,0.000
 211,0.000
 212,2411.000
 213,0.000
 214,0.000
 215,0.000
 216,0.000
 217,0.000
 218,0.000
 219,0.000
 220,0.000
 221,2444.700
 222,0.000
 223,0.000
 224,0.000
 225,0.000
 226,0.000
 227,0.000
 228,0.000
 229,0.000
 230,0.000
 231,0.000
 232,0.000
 233,0.000
 234,0.000
 235,0.000
 236,0.000
 237,0.000
 238,0.000
 239,0.000
 240,0.000
 241,925.700
 242,0.000
 243,2631.900
 244,902.600
 245,0.000
 246,0.000
 247,0.000
 248,0.000
 249,0.000
 250,0.000
 251,0.000
 252,917.500
 253,0.000
 254,0.000
 255,0.000
 256,0.000
 257,0.000
 258,0.000
 259,0.000
 260,0.000
 261,0.000
 262,1072.300
 263,0.000
 264,89.000
 265,0.000
 266,0.000
 267,2965.900
 268,0.000
 269,0.000
 270,114.400
 271,0.000
 272,8.300
 273,0.000
 274,0.000
 275,0.000
 276,0.000
 277,0.000
 278,0.000
 279,0.000
 280,0.000
 281,0.000
 282,0.000
 283,0.000
 284,0.000
 285,0.000
 286,53.600
 287,0.000
 288,0.000
 289,0.000
 290,0.000
 291,0.000
 292,0.000
 293,0.000
 294,9.900
 295,0.000
 296,0.000
 297,0.000
 298,0.000
 299,0.000
 300,0.000
 301,0.000
 302,0.000
 303,0.000
 304,0.000
 305,4.900
 306,0.000
 307,0.000
 308,0.000
 309,0.000
 310,0.000
 311,85.300
 312,0.000
 313,0.000
 314,0.000
 315,51.100
 316,0.000
 317,14.800
 318,2581.900
 319,0.000
 320,0.000
 321,0.000
 322,0.000
 323,0.000
 324,0.000
 325,0.000
 326,0.000
 327,0.000
 328,903.600
 329,0.000
 330,0.000
 331,0.000
 332,0.000
 333,0.000
 334,10.800
 335,0.000
 336,0.000
 337,0.000
 338,84.500
 339,0.000
 340,0.000
 341,106.600
 342,0.000
 343,0.000
 344,0.000
 345,0.000
 346,0.000
 347,0.000
 348,0.000
 349,0.000
 350,0.000
 351,0.000
 352,0.000
 353,0.000
 354,0.000
 355,0.000
 356,0.000
 357,0.000
 358,5.600
 359,0.000
 360,0.000
 361,10.300
 362,0.000
 363,143.400
 364,0.000
 365,0.000
 366,0.000
 367,0.000
 368,0.000
 369,0.000
 370,0.000
 371,8.600
 372,0.000
 373,0.000
 374,106.100
 375,0.000
 376,128.200
 377,0.000
 378,0.000
 379,0.000
 380,0.000
 381,0.000
 382,973.800
 383,0.000
 384,50.400
 385,0.000
 386,0.000
 387,0.000
 388,0.000
 389,0.000
 390,0.000
 391,0.000
 392,0.000
 393,3845.100
 394,0.000
 395,1126.500
 396,0.000
 397,2838.000
 398,0.000
 399,0.000
 400,0.000
 401,77.200
 402,0.000
 403,0.000
 404,0.000
 405,0.000
 406,0.000
 407,0.000
 408,0.000
 409,0.000
 410,0.000
 411,0.000
 412,0.000
 413,0.000
 414,0.000
 415,0.000
 416,0.000
 417,0.000
 418,0.000
 419,95.200
 420,0.000
 421,0.000
 422,0.000
 423,0.000
 424,5.000
 425,77.700
 426,0.000
 427,0.000
 428,0.000
 429,0.000
 430,0.000
 431,1166.400
 432,0.000
 433,0.000
 434,0.000
 435,0.000
 436,0.000
 437,55.200
 438,0.000
 439,0.000
 440,0.000
 441,0.000
 442,0.000
 443,0.000
 444,0.000
 445,80.700
 446,0.000
 447,0.000
 448,7.200
 449,0.000
 450,914.600
 451,0.000
 452,0.000
 453,0.000
 454,0.000
 455,14.300
 456,0.000
 457,0.000
 458,0.000
 459,0.000
 460,0.000
 461,0.000
 462,0.000
 463,0.000
 464,0.000
 465,0.000
 466,0.000
 467,4110.400
 468,0.000
 469,0.000
 470,77.100
 471,0.000
 472,0.000
 473,0.000
 474,0.000
 475,0.000
 476,0.000
 477,0.000
 478,0.000
 479,0.000
 480,0.000
 481,0.000
 482,0.000
 483,0.000
 484,0.000
 485,0.000
 486,0.000
 487,2661.600
 488,0.000
 489,0.000
 490,0.000
 491,0.000
 492,0.000
 493,0.000
 494,13.200
 495,0.000
 496,7.000
 497,0.000
 498,0.000
 499,0.000
 500,0.000
 501,0.000
 502,1147.500
 503,0.000
 504,0.000
 505,127.100
 506,0.000
 507,0.000
 508,0.000
 509,0.000
 510,0.000
 511,0.000
 512,1260.400
 513,0.000
 514,0.000
 515,0.000
 516,0.000
 517,0.000
 518,0.000
 519,67.700
 520,0.000
 521,8.500
 522,0.000
 523,0.000
 524,0.000
 525,57.300
 526,0.000
 527,0.000
 528,0.000
 529,1118.000
 530,0.000
 531,59.500
 532,969.000
 533,0.000
 534,2809.400
 535,0.000
 536,0.000
 537,73.900
 538,0.000
 539,0.000
 540,0.000
 541,0.000
 542,0.000
 543,0.000
 544,0.000
 545,0.000
 546,0.000
 547,9.700
 548,0.000
 549,0.000
 550,0.000
 551,0.000
 552,35.400
 553,0.000
 554,0.000
 555,0.000
 556,0.000
 557,0.000
 558,0.000
 559,0.000
 560,0.000
 561,0.000
 562,0.000
 563,3315.500
 564,0.000
 565,0.000
 566,0.000
 567,0.000
 568,0.000
 569,0.000
 570,0.000
 571,0.000
 572,0.000
 573,0.000
 574,0.000
 575,0.000
 576,0.000
 577,0.000
 578,0.000
 579,7.800
 580,0.000
 581,2406.700
 582,0.000
 583,0.000
 584,0.000
 585,0.000
 586,0.000
 587,0.000
 588,0.000
 589,0.000
 590,0.000
 591,0.000
 592,0.000
 593,0.000
 594,0.000
 595,0.000
 596,2850.600
 597,0.000
 598,0.000
 599,2450.600
 600,0.000
 601,0.000
 602,0.000
 603,0.000
 604,0.000
 605,0.000
 606,0.000
 607,0.000
 608,0.000
 609,0.000
 610,0.000
 611,0.000
 612,10.500
 613,0.000
 614,80.500
 615,0.000
 616,0.000
 617,0.000
 618,0.000
 619,0.000
 620,0.000
 621,0.000
 622,0.000
 623,0.000
 624,1045.800
 625,0.000
 626,0.000
 627,0.000
 628,0.000
 629,0.000
 630,0.000
 631,0.000
 632,0.000
 633,0.000
 634,0.000
 635,0.000
 636,0.000
 637,0.000
 638,0.000
 639,3017.300
 640,0.000
 641,0.000
 642,0.000
 643,0.000
 644,0.000
 645,0.000
 646,0.000
 647,0.000
 648,0.000
 649,0.000
 650,0.000
 651,0.000
 652,0.000
 653,3101.000
 654,0.000
 655,0.000
 656,2825.100
 657,0.000
 658,3892.300
 659,0.000
 660,0.000
 661,0.000
 662,3067.300
 663,0.000
 664,0.000
 665,0.000
 666,0.000
 667,0.000
 668,13.800
 669,0.000
 670,0.000
 671,0.000
 672,0.000
 673,0.000
 674,0.000
 675,0.000
 676,0.000
 677,4202.200
 678,0.000
 679,0.000
 680,0.000
 681,0.000
 682,11.500
 683,0.000
 684,0.000
 685,0.000
 686,0.000
 687,0.000
 688,0.000
 689,0.000
 690,130.700
 691,0.000
 692,0.000
 693,0.000
 694,0.000
 695,0.000
 696,24.300
 697,0.000
 698,6.800
 699,0.000
 700,984.000
 701,0.000
 702,0.000
 703,0.000
 704,0.000
 705,0.000
 706,0.000
 707,0.000
 708,0.000
 709,0.000
 710,0.000
 711,0.000
 712,0.000
 713,0.000
 714,0.000
 715,0.000
 716,0.000
 717,5.500
 718,0.000
 719,0.000
 720,0.000
 721,0.000
 722,0.000
 723,0.000
 724,0.000
 725,0.000
 726,1056.400
 727,0.000
 728,0.000
 729,0.000
 730,0.000
 731,0.000
 732,0.000
 733,0.000
 734,0.000
 735,0.000
 736,0.000
 737,0.000
 738,0.000
 739,0.000
 740,0.000
 741,0.000
 742,0.000
 743,8.000
 744,0.000
 745,0.000
 746,0.000
 747,0.000
 748,0.000
 749,0.000
 750,0.000
 751,0.000
 752,0.000
 753,0.000
 754,0.000
 755,0.000
 756,0.000
 757,0.000
 758,0.000
 759,0.000
 760,0.000
 761,0.000
 762,0.000
 763,7.200
 764,3302.900
 765,0.000
 766,0.000
 767,0.000
 768,0.000
 769,0.000
 770,0.000
 771,0.000
 772,0.000
 773,0.000
 774,0.000
 775,0.000
 776,0.000
 777,902.100
 778,0.000
 779,0.000
 780,0.000
 781,9.700
 782,0.000
 783,0.000
 784,0.000
 785,0.000
 786,0.000
 787,0.000
 788,5.600
 789,3828.200
 790,1199.800
 791,0.000
 792,0.000
 793,0.000
 794,0.000
 795,0.000
 796,0.000
 797,0.000
 798,0.000
 799,0.000
 800,0.000
 801,0.000
 802,0.000
 803,0.000
 804,0.000
 805,0.000
 806,0.000
 807,0.000
 808,0.000
 809,0.000
 810,0.000
 811,0.000
 812,0.000
 813,992.200
 814,0.000
 815,1082.500
 816,3.400
 817,0.000
 818,0.000
 819,0.000
 820,0.000
 821,0.000
 822,0.000
 823,0.000
 824,0.000
 825,8.500
 826,0.000
 827,0.000
 828,0.000
 829,0.000
 830,0.000
 831,0.000
 832,0.000
 833,0.000
 834,0.000
 835,19.400
 836,3435.900
 837,4563.700
 838,0.000
 839,0.000
 840,89.600
 841,0.000
 842,979.400
 843,0.000
 844,0.000
 845,0.000
 846,0.000
 847,0.000
 848,0.000
 849,0.000
 850,0.000
 851,0.000
 852,0.000
 853,0.000
 854,0.000
 855,0.000
 856,43.800
 857,0.000
 858,0.000
 859,0.000
 860,0.000
 861,0.000
 862,0.000
 863,0.000
 864,0.000
 865,0.000
 866,0.000
 867,0.000
 868,981.000
 869,0.000
 870,0.000
 871,0.000
 872,0.000
 873,0.000
 874,0.000
 875,0.000
 876,0.000
 877,109.000
 878,0.000
 879,0.000
 880,0.000
 881,913.200
 882,0.000
 883,1146.600
 884,0.000
 885,0.000
 886,2677.300
 887,0.000
 888,0.000
 889,0.000
 890,1335.900
 891,0.000
 892,0.000
 893,0.000
 894,105.700
 895,0.000
 896,1183.100
 897,4286.100
 898,0.000
 899,0.000
 900,0.000
 901,0.000
 902,0.000
 903,0.000
 904,4.800
 905,0.000
 906,0.000
 907,0.000
 908,0.000
 909,0.000
 910,0.000
 911,0.000
 912,0.000
 913,0.000
 914,10.500
 915,6.800
 916,1059.300
 917,0.000
 918,2590.500
 919,949.300
 920,0.000
 921,43.900
 922,0.000
 923,0.000
 924,0.000
 925,0.000
 926,0.000
 927,961.400
 928,0.000
 929,0.000
 930,3306.100
 931,0.000
 932,0.000
 933,0.000
 934,0.000
 935,0.000
 936,0.000
 937,0.000
 938,0.000
 939,0.000
 940,0.000
 941,0.000
 942,0.000
 943,0.000
 944,0.000
 945,0.000
 946,0.000
 947,0.000
 948,0.000
 949,0.000
 950,0.000
 951,66.800
 952,0.000
 953,0.000
 954,0.000
 955,0.000
 956,0.000
 957,1234.600
 958,0.000
 959,0.000
 960,0.000
 961,69.000
 962,0.000
 963,0.000
 964,0.000
 965,0.000
 966,0.000
 967,0.000
 968,0.000
 969,37.000
 970,0.000
 971,931.700
 972,1186.000
 973,0.000
 974,0.000
 975,2621.200
 976,0.000
 977,0.000
 978,0.000
 979,3646.500
 980,7.000
 981,0.000
 982,0.000
 983,49.400
 984,0.000
 985,0.000
 986,0.000
 987,0.000
 988,0.000
 989,0.000
 990,0.000
 991,9.900
 992,0.000
 993,1267.700
 994,0.000
 995,0.000
 996,3193.000
 997,0.000
 998,0.000
 999,0.000
1000,0.000
1001,0.000
1002,0.000
1003,0.000
1004,42.600
1005,0.000
1006,0.000
1007,41.800
1008,0.000
1009,0.000
1010,0.000
1011,5.700
1012,2671.300
1013,3609.600
1014,52.500
1015,0.000
1016,0.000
1017,0.000
1018,0.000
1019,0.000
1020,0.000
1021,2693.500
1022,153.600
1023,0.000
1024,9.000
1025,0.000
1026,0.000
1027,0.000
1028,0.000
1029,0.000
1030,10.000
1031,6.900
1032,0.000
1033,43.900
1034,82.200
1035,0.000
1036,0.000
1037,0.000
1038,0.000
1039,0.000
1040,0.000
1041,0.000
1042,8.500
1043,0.000
1044,0.000
1045,0.000
1046,0.000
1047,9.200
1048,1089.900
1049,0.000
1050,0.000
1051,0.000
1052,1113.900
1053,0.000
1054,0.000
1055,0.000
1056,0.000
1057,0.000
1058,2895.200
1059,0.000
1060,0.000
1061,0.000
1062,2647.900
1063,0.000
1064,0.000
1065,0.000
1066,0.000
1067,0.000
1068,0.000
1069,0.000
1070,1011.300
1071,0.000
1072,0.000
1073,0.000
1074,0.000
1075,0.000
1076,0.000
1077,12.400
1078,0.000
1079,0.000
1080,0.000
1081,0.000
1082,9.500
1083,0.000
1084,0.000
1085,0.000
1086,0.000
1087,0.000
1088,0.000
1089,0.000
1090,0.000
1091,0.000
1092,102.200
1093,0.000
1094,0.000
1095,0.000
1096,0.000
1097,0.000
1098,0.000
1099,0.000
1100,0.000
1101,8.200
1102,0.000
1103,0.000
1104,0.000
1105,0.000
1106,0.000
1107,0.000
1108,0.000
1109,0.000
1110,0.000
1111,0.000
1112,0.000
1113,0.000
1114,0.000
1115,8.700
1116,1125.200
1117,0.000
1118,0.000
1119,0.000
1120,0.000
1121,0.000
1122,54.600
1123,0.000
1124,0.000
1125,0.000
1126,0.000
1127,0.000
1128,0.000
1129,3723.300
1130,0.000
1131,4373.300
1132,11.000
1133,0.000
1134,0.000
1135,0.000
1136,2875.100
1137,0.000
1138,0.000
1139,0.000
1140,0.000
1141,0.000
1142,0.000
1143,0.000
1144,0.000
1145,0.000
1146,0.000
1147,5.600
1148,0.000
1149,0.000
1150,0.000
1151,0.000
1152,0.000
1153,0.000
1154,0.000
1155,0.000
1156,0.000
1157,0.000
1158,0.000
1159,1202.100
1160,0.000
1161,0.000
1162,0.000
1163,0.000
1164,0.000
1165,0.000
1166,1187.400
1167,0.000
1168,2685.600
1169,0.000
1170,0.000
1171,0.000
1172,0.000
1173,5.700
1174,0.000
1175,0.000
1176,0.000
1177,0.000
1178,947.700
1179,0.000
1180,0.000
1181,0.000
1182,0.000
1183,0.000
1184,0.000
1185,0.000
1186,3447.300
1187,905.900
1188,0.000
1189,0.000
1190,0.000
1191,0.000
1192,0.000
1193,1033.700
1194,0.000
1195,0.000
1196,0.000
1197,0.000
1198,0.000
1199,31.500
1200,3835.100
1201,0.000
1202,0.000
1203,84.100
1204,0.000
1205,0.000
1206,0.000
1207,0.000
1208,0.000
1209,0.000
1210,0.000
1211,0.000
1212,0.000
1213,1106.500
1214,13.600
1215,0.000
1216,0.000
1217,0.000
1218,0.000
1219,0.000
1220,0.000
1221,0.000
1222,0.000
1223,0.000
1224,0.000
1225,0.000
1226,0.000
1227,0.000
1228,0.000
1229,4064.400
1230,0.000
1231,0.000
1232,120.800
1233,0.000
1234,0.000
1235,0.000
1236,0.000
1237,0.000
1238,128.800
1239,1107.200
1240,0.000
1241,966.100
1242,3722.500
1243,991.200
1244,0.000
1245,0.000
1246,0.000
1247,0.000
1248,0.000
1249,2952.200
1250,0.000
1251,0.000
1252,0.000
1253,0.000
1254,0.000
1255,3000.000
1256,0.000
1257,0.000
1258,0.000
1259,0.000
1260,0.000
1261,0.000
1262,0.000
1263,0.000
1264,1094.800
1265,0.000
1266,0.000
1267,0.000
1268,74.000
1269,0.000
1270,0.000
1271,0.000
1272,0.000
1273,0.000
1274,0.000
1275,0.000
1276,0.000
1277,8.900
1278,0.000
1279,0.000
1280,0.000
1281,0.000
1282,0.000
1283,0.000
1284,0.000
1285,0.000
1286,0.000
1287,1012.900
1288,16.000
1289,0.000
1290,0.000
1291,0.000
1292,0.000
1293,0.000
1294,0.000
1295,0.000
1296,0.000
1297,84.800
1298,0.000
1299,0.000
1300,6.700
1301,0.000
1302,2.800
1303,0.000
1304,0.000
1305,927.700
1306,0.000
1307,0.000
1308,0.000
1309,0.000
1310,43.700
1311,0.000
1312,0.000
1313,0.000
1314,31.200
1315,0.000
1316,0.000
1317,139.600
1318,0.000
1319,987.100
1320,0.000
1321,0.000
1322,0.000
1323,0.000
1324,6.900
1325,0.000
1326,0.000
1327,0.000
1328,4363.100
1329,0.000
1330,0.000
1331,0.000
1332,0.000
1333,0.000
1334,0.000
1335,0.000
1336,0.000
1337,0.000
1338,0.000
1339,0.000
1340,0.000
1341,0.000
1342,935.000
1343,0.000
1344,0.000
1345,29.600
1346,0.000
1347,0.000
1348,0.000
1349,0.000
1350,0.000
1351,0.000
1352,0.000
1353,2602.500
1354,0.000
1355,0.000
1356,0.000
1357,0.000
1358,25.900
1359,0.000
1360,0.000
1361,0.000
1362,0.000
1363,0.000
1364,0.000
1365,0.000
1366,0.000
1367,0.000
1368,0.000
1369,0.000
1370,71.300
1371,44.500
1372,0.000
1373,0.000
1374,0.000
1375,100.800
1376,0.000
1377,0.000
1378,0.000
1379,0.000
1380,0.000
1381,0.000
1382,0.000
1383,0.000
1384,0.000
1385,0.000
1386,0.000
1387,60.000
1388,0.000
1389,0.000
1390,0.000
1391,0.000
1392,0.000
1393,0.000
1394,0.000
1395,0.000
1396,0.000
1397,3658.200
1398,1024.600
1399,0.000
1400,0.000
1401,2462.400
1402,0.000
1403,0.000
1404,0.000
1405,1012.200
1406,0.000
1407,0.000
1408,0.000
1409,6.100
1410,0.000
1411,0.000
1412,0.000
1413,0.000
1414,0.000
1415,0.000
1416,0.000
1417,0.000
1418,0.000
1419,0.000
1420,0.000
1421,0.000
1422,1107.100
1423,0.000
1424,0.000
1425,0.000
1426,3148.400
1427,7.000
1428,978.800
1429,0.000
1430,0.000
1431,0.000
1432,0.000
1433,4221.800
1434,0.000
1435,0.000
1436,54.200
1437,0.000
1438,0.000
1439,0.000
1440,0.000
1441,2877.900
1442,0.000
1443,0.000
1444,0.000
1445,0.000
1446,0.000
1447,10.000
1448,0.000
1449,0.000
1450,0.000
1451,0.000
1452,0.000
1453,0.000
1454,0.000
1455,0.000
1456,0.000
1457,0.000
1458,8.600
1459,0.000
1460,0.000
1461,0.000
1462,0.000
1463,0.000
1464,0.000
1465,0.000
1466,0.000
1467,0.000
1468,0.000
1469,0.000
1470,0.000
1471,0.000
1472,0.000
1473,0.000
1474,0.000
1475,0.000
1476,0.000
1477,0.000
1478,9.900
1479,0.000
1480,0.000
1481,0.000
1482,0.000
1483,0.000
1484,0.000
1485,0.000
1486,0.000
1487,0.000
1488,0.000
1489,0.000
1490,0.000
1491,0.000
1492,0.000
1493,0.000
1494,0.000
1495,0.000
1496,0.000
1497,0.000
1498,0.000
1499,0.000
1500,0.000
1501,7.500
1502,0.000
1503,0.000
1504,980.000
1505,0.000
1506,0.000
1507,11.500
1508,0.000
1509,3071.600
1510,3381.600
1511,0.000
1512,0.000
1513,0.000
1514,0.000
1515,0.000
1516,947.500
1517,0.000
1518,1120.600
1519,0.000
1520,0.000
1521,0.000
1522,0.000
1523,0.000
1524,1108.000
1525,0.000
1526,0.000
1527,0.000
1528,0.000
1529,0.000
1530,0.000
1531,0.000
1532,0.000
1533,3051.400
1534,0.000
1535,0.000
1536,0.000
1537,0.000
1538,927.700
1539,0.000
1540,0.000
1541,0.000
1542,0.000
1543,2526.600
1544,0.000
1545,44.100
1546,0.000
1547,0.000
1548,1161.400
1549,38.200
1550,0.000
1551,0.000
1552,0.000
1553,0.000
1554,0.000
1555,4155.500
1556,0.000
1557,77.100
1558,0.000
1559,6.000
1560,120.500
1561,0.000
1562,0.000
1563,0.000
1564,1339.400
1565,0.000
1566,0.000
1567,0.000
1568,0.000
1569,0.000
1570,0.000
1571,0.000
1572,4263.500
1573,0.000
1574,0.000
1575,0.000
1576,2682.100
1577,0.000
1578,0.000
1579,0.000
1580,1167.500
1581,0.000
1582,56.700
1583,0.000
1584,0.000
1585,0.000
1586,0.000
1587,0.000
1588,0.000
1589,113.000
1590,0.000
1591,3767.900
1592,0.000
1593,0.000
1594,78.400
1595,0.000
1596,0.000
1597,0.000
1598,0.000
1599,0.000
1600,0.000
1601,0.000
1602,1239.500
1603,0.000
1604,959.000
1605,0.000
1606,0.000
1607,0.000
1608,0.000
1609,0.000
1610,1193.400
1611,0.000
1612,0.000
1613,0.000
1614,0.000
1615,0.000
1616,0.000
1617,0.000
1618,0.000
1619,11.100
1620,0.000
1621,0.000
1622,0.000
1623,0.000
1624,0.000
1625,0.000
1626,2927.500
1627,0.000
1628,0.000
1629,0.000
1630,0.000
1631,0.000
1632,2837.100
1633,0.000
1634,0.000
1635,931.700
1636,0.000
1637,0.000
1638,84.200
1639,0.000
1640,0.000
1641,0.000
1642,0.000
1643,11.900
1644,0.000
1645,938.600
1646,0.000
1647,76.600
1648,0.000
1649,107.600
1650,0.000
1651,0.000
1652,0.000
1653,0.000
1654,0.000
1655,0.000
1656,0.000
1657,0.000
1658,0.000
1659,0.000
1660,4.100
1661,0.000
1662,982.100
1663,958.100
1664,0.000
1665,0.000
1666,144.800
1667,0.000
1668,0.000
1669,0.000
1670,0.000
1671,0.000
1672,0.000
1673,0.000
1674,71.200
1675,0.000
1676,0.000
1677,0.000
1678,0.000
1679,0.000
1680,6.000
1681,0.000
1682,0.000
1683,0.000
1684,0.000
1685,0.000
1686,0.000
1687,0.000
1688,0.000
1689,0.000
1690,0.000
1691,0.000
1692,0.000
1693,0.000
1694,0.000
1695,0.000
1696,0.000
1697,124.500
1698,0.000
1699,0.000
1700,0.000
1701,0.000
1702,8.200
1703,0.000
1704,3073.400
1705,0.000
1706,0.000
1707,0.000
1708,0.000
1709,0.000
1710,0.000
1711,0.000
1712,0.000
1713,6.900
1714,0.000
1715,0.000
1716,0.000
1717,0.000
1718,0.000
1719,0.000
1720,0.000
1721,0.000
1722,1053.600
1723,1114.400
1724,2468.000
1725,0.000
1726,0.000
1727,0.000
1728,0.000
1729,0.000
1730,0.000
1731,0.000
1732,0.000
1733,0.000
1734,0.000
1735,0.000
1736,0.000
1737,0.000
1738,0.000
1739,0.000
1740,0.000
1741,0.000
1742,0.000
1743,0.000
1744,0.000
1745,0.000
1746,0.000
1747,1236.500
1748,4262.800
1749,0.000
1750,0.000
1751,0.000
1752,0.000
1753,0.000
1754,0.000
1755,0.000
1756,0.000
1757,0.000
1758,0.000
1759,0.000
1760,2494.200
1761,0.000
1762,0.000
1763,0.000
1764,2727.200
1765,0.000
1766,0.000
1767,0.000
1768,0.000
1769,0.000
1770,0.000
1771,2649.300
1772,0.000
1773,0.000
1774,0.000
1775,0.000
1776,0.000
1777,0.000
1778,3272.200
1779,0.000
1780,14.400
1781,0.000
1782,0.000
1783,0.000
1784,15.600
1785,0.000
1786,0.000
1787,8.200
1788,0.000
1789,0.000
1790,0.000
1791,0.000
1792,4.000
1793,0.000
1794,0.000
1795,0.000
1796,0.000
1797,0.000
1798,0.000
1799,0.000
1800,0.000
1801,0.000
1802,0.000
1803,0.000
1804,0.000
1805,0.000
1806,0.000
1807,0.000
1808,0.000
1809,0.000
1810,0.000
1811,0.000
1812,0.000
1813,0.000
1814,12.400
1815,0.000
1816,0.000
1817,0.000
1818,0.000
1819,69.100
1820,0.000
1821,0.000
1822,1034.200
1823,0.000
1824,0.000
1825,3317.400
1826,2660.900
1827,0.000
1828,0.000
1829,0.000
1830,0.000
1831,0.000
1832,0.000
1833,2840.000
1834,0.000
1835,0.000
1836,0.000
1837,0.000
1838,0.000
1839,0.000
1840,0.000
1841,0.000
1842,0.000
1843,0.000
1844,0.000
1845,0.000
1846,0.000
1847,0.000
1848,0.000
1849,0.000
1850,0.000
1851,0.000
1852,968.100
1853,0.000
1854,0.000
1855,0.000
1856,0.000
1857,0.000
1858,0.000
1859,1143.500
1860,0.000
1861,0.000
1862,0.000
1863,109.300
1864,0.000
1865,11.000
1866,0.000
1867,0.000
1868,0.000
1869,0.000
1870,0.000
1871,0.000
1872,3500.200
1873,10.200
1874,0.000
1875,0.000
1876,0.000
1877,0.000
1878,945.300
1879,0.000
1880,0.000
1881,0.000
1882,0.000
1883,10.900
1884,0.000
1885,0.000
1886,0.000
1887,0.000
1888,9.100
1889,0.000
1890,0.000
1891,11.800
1892,0.000
1893,0.000
1894,0.000
1895,0.000
1896,3186.600
1897,0.000
1898,958.600
1899,0.000
1900,0.000
1901,0.000
1902,0.000
1903,0.000
1904,0.000
1905,0.000
1906,95.600
1907,8.400
1908,7.600
1909,0.000
1910,0.000
1911,6.300
1912,0.000
1913,904.800
1914,0.000
1915,0.000
1916,0.000
1917,10.400
1918,0.000
1919,0.000
1920,0.000
1921,0.000
1922,0.000
1923,0.000
1924,0.000
1925,0.000
1926,0.000
1927,0.000
1928,0.000
1929,0.000
1930,8.600
1931,0.000
1932,0.000
1933,0.000
1934,0.000
1935,0.000
1936,0.000
1937,1203.600
1938,0.000
1939,0.000
1940,0.000
1941,0.000
1942,0.000
1943,38.300
1944,0.000
1945,0.000
1946,0.000
1947,0.000
1948,0.000
1949,0.000
1950,0.000
1951,0.000
1952,0.000
1953,3492.200
1954,0.000
1955,0.000
1956,0.000
1957,0.000
1958,0.000
1959,0.000
1960,0.000
1961,10.300
1962,0.000
1963,0.000
1964,0.000
1965,0.000
1966,0.000
1967,0.000
1968,0.000
1969,0.000
1970,9.800
1971,0.000
1972,0.000
1973,0.000
1974,0.000
1975,1126.100
1976,0.000
1977,2503.400
1978,0.000
1979,0.000
1980,3188.100
